"","event","MM"
"6599","6599",0.792039309137357
"3991","3991",0.790181478106622
"14846","14846",0.784507574912092
"20914","20914",0.780911339495268
"55183","55183",0.777357197394809
"50748","50748",0.777052143221216
"9306","9306",0.776940346821141
"15531","15531",0.776637432034454
"15332","15332",0.774768704797258
"34517","34517",0.774495044540671
